time,hrr,s1,s2,s3,s4,s5,s6,s7,s8,s9,s10
time,HRR,temperature,temperature,heatflux,heatflux,heatflux,heatflux,heatflux,gassample,gassample,gassample
time,HRR,Tceiling,Tfloor,Flux1,Flux2,Flux3,Flux4,Flux5,O2,CO2,CO
s,kW,C,C,kW/m2,kW/m2,kW/m2,kW/m2,kW/m2,%,%,%
NAN,NAN,182,176,185,178,179,58,58,154,154,154
NAN,NAN,179,10,3.5,3.5,3.5,219,72,180,180,180
NAN,NAN,231,9,9,121,232,50,50,150,150,150
cm,cm,cm,cm,cm,cm,cm,cm,cm,cm,cm,cm
0,-3,34,18,0.41,0.43,0.41,0.43,0.42,21.3,0.0571,0.00917
1,-1,34,18,0.43,0.45,0.44,0.44,0.44,21.3,0.0559,0.0106
2,-3,34,18,0.42,0.45,0.42,0.41,0.42,21.3,0.0551,0.00864
3,-9,33,18,0.45,0.45,0.45,0.43,0.42,21.3,0.0536,0.00828
4,-6,33,18,0.44,0.43,0.46,0.45,0.44,21.3,0.058,0.00875
5,-10,33,18,0.43,0.42,0.44,0.43,0.46,21.3,0.0563,0.00954
6,-3,33,18,0.44,0.46,0.43,0.43,0.45,21.3,0.0563,0.0058
7,0,32,18,0.41,0.45,0.41,0.42,0.42,21.3,0.0586,0.00732
8,-1,32,18,0.41,0.44,0.42,0.42,0.43,21.3,0.0544,0.00568
9,2,32,18,0.41,0.43,0.43,0.44,0.44,21.3,0.0518,0.00689
10,-1,32,18,0.43,0.43,0.44,0.44,0.43,21.3,0.0488,0.0114
11,-9,32,18,0.45,0.45,0.43,0.43,0.44,21.3,0.0589,0.0066
12,-4,31,18,0.43,0.43,0.42,0.43,0.44,21.3,0.0582,0.00342
13,7,31,18,0.41,0.42,0.43,0.42,0.43,21.3,0.055,0.0074
14,1,31,18,0.42,0.44,0.44,0.43,0.43,21.3,0.0562,0.0121
15,4,31,18,0.44,0.45,0.43,0.44,0.42,21.3,0.0536,0.00806
16,1,31,18,0.43,0.43,0.43,0.43,0.44,21.3,0.0588,0.00588
17,-4,30,18,0.43,0.42,0.42,0.43,0.44,21.3,0.0609,0.00911
18,-3,30,18,0.43,0.43,0.41,0.44,0.42,21.3,0.0529,0.00624
19,-1,30,18,0.42,0.43,0.42,0.42,0.44,21.3,0.0578,0.00916
20,-4,30,18,0.42,0.44,0.41,0.4,0.44,21.3,0.0519,0.00196
21,-1,30,18,0.42,0.44,0.42,0.42,0.42,21.3,0.0589,0.00906
22,-2,30,18,0.42,0.42,0.43,0.43,0.43,21.3,0.0543,0.00614
23,-4,30,18,0.44,0.43,0.44,0.44,0.43,21.3,0.0589,0.006
24,-3,29,18,0.44,0.45,0.44,0.44,0.44,21.3,0.062,0.00386
25,-4,29,18,0.43,0.43,0.41,0.43,0.44,21.3,0.0572,0.00699
26,-2,29,18,0.44,0.41,0.43,0.43,0.44,21.3,0.0598,0.00483
27,3,29,18,0.43,0.42,0.45,0.42,0.44,21.3,0.0537,0.00362
28,3,29,18,0.42,0.44,0.44,0.42,0.45,21.3,0.0559,0.00516
29,2,29,18,0.44,0.44,0.42,0.44,0.46,21.3,0.0558,0.00261
30,1,29,18,0.43,0.44,0.42,0.44,0.43,21.3,0.0549,0.00727
31,3,29,18,0.41,0.42,0.42,0.4,0.41,21.3,0.0578,0.0149
32,-5,28,18,0.42,0.42,0.44,0.41,0.44,21.3,0.056,0.00824
33,2,28,18,0.44,0.44,0.45,0.45,0.45,21.3,0.0591,0.012
34,4,28,18,0.43,0.45,0.43,0.47,0.45,21.3,0.06,0.00548
35,3,28,18,0.44,0.47,0.44,0.47,0.49,21.3,0.0541,0.0112
36,3,28,18,0.45,0.45,0.44,0.44,0.46,21.3,0.0537,0.00722
37,1,28,18,0.42,0.43,0.41,0.42,0.41,21.3,0.0533,0.0123
38,3,27,18,0.44,0.47,0.45,0.46,0.43,21.3,0.0556,0.00911
39,-4,27,18,0.45,0.43,0.45,0.47,0.43,21.3,0.0541,0.00818
40,1,27,18,0.43,0.42,0.41,0.44,0.45,21.3,0.0578,0.0104
41,-7,27,18,0.43,0.44,0.42,0.44,0.46,21.3,0.0534,0.00651
42,-4,27,18,0.46,0.45,0.44,0.46,0.46,21.3,0.0541,0.00905
43,1,27,18,0.42,0.4,0.42,0.44,0.43,21.3,0.0597,0.00937
44,1,27,18,0.43,0.45,0.46,0.46,0.47,21.3,0.0623,0.00556
45,-5,27,18,0.45,0.48,0.48,0.49,0.49,21.3,0.0536,0.0102
46,-3,27,18,0.44,0.41,0.44,0.48,0.43,21.3,0.0635,0.0103
47,3,27,18,0.43,0.43,0.43,0.48,0.43,21.3,0.0528,0.0109
48,-5,27,18,0.41,0.47,0.43,0.5,0.45,21.3,0.0565,0.0124
49,-6,26,18,0.43,0.45,0.44,0.5,0.45,21.3,0.0556,0.00767
50,-3,26,18,0.43,0.45,0.45,0.51,0.45,21.3,0.0531,0.00878
51,-1,26,18,0.43,0.47,0.43,0.55,0.44,21.3,0.0532,0.011
52,-0,26,18,0.43,0.46,0.45,0.6,0.44,21.3,0.0547,0.011
53,-1,27,18,0.44,0.47,0.48,0.64,0.47,21.3,0.0566,0.00876
54,-4,27,18,0.44,0.49,0.49,0.69,0.48,21.3,0.0577,0.00839
55,-10,27,18,0.43,0.5,0.5,0.72,0.46,21.3,0.0587,0.00976
56,-0,27,18,0.45,0.49,0.5,0.74,0.47,21.3,0.0628,0.0113
57,2,27,18,0.46,0.5,0.5,0.76,0.5,21.3,0.061,0.0117
58,4,27,18,0.49,0.52,0.56,0.8,0.53,21.3,0.0558,0.00682
59,-3,27,18,0.43,0.5,0.55,0.89,0.48,21.3,0.0577,0.00651
60,-1,27,18,0.41,0.5,0.54,1.1,0.43,21.3,0.0558,0.0119
61,5,28,18,0.46,0.54,0.61,1.4,0.47,21.3,0.0581,0.00917
62,6,28,18,0.46,0.55,0.6,1.6,0.5,21.3,0.0613,0.00936
63,-2,28,18,0.46,0.57,0.6,1.7,0.52,21.3,0.0575,0.0142
64,8,28,18,0.45,0.56,0.57,1.9,0.52,21.3,0.0508,0.012
65,1,29,18,0.47,0.56,0.55,2.1,0.53,21.3,0.0548,0.0113
66,12,29,18,0.45,0.59,0.58,2.3,0.53,21.3,0.0539,0.0103
67,2,29,18,0.41,0.61,0.6,2.4,0.5,21.3,0.0511,0.011
68,5,30,18,0.48,0.63,0.64,2.7,0.54,21.3,0.0571,0.00767
69,7,31,18,0.5,0.64,0.64,3,0.56,21.3,0.0553,0.00924
70,11,31,18,0.45,0.61,0.63,3,0.52,21.3,0.0569,0.00647
71,12,32,18,0.45,0.65,0.71,3.3,0.56,21.3,0.0561,0.00777
72,22,32,18,0.47,0.7,0.77,3.6,0.59,21.3,0.0574,0.00824
73,24,33,18,0.48,0.69,0.75,3.9,0.58,21.3,0.0511,0.00837
74,23,33,18,0.48,0.72,0.7,4.1,0.57,21.3,0.0572,0.0091
75,30,34,18,0.45,0.71,0.67,4.1,0.56,21.3,0.0584,0.00594
76,30,34,18,0.45,0.74,0.7,4.1,0.59,21.3,0.0651,0.00734
77,27,34,18,0.46,0.77,0.74,4.1,0.62,21.3,0.0643,0.00621
78,30,35,18,0.46,0.73,0.77,4.1,0.6,21.3,0.064,0.00989
79,28,36,18,0.47,0.75,0.83,4.2,0.6,21.3,0.0625,0.00768
80,25,36,18,0.48,0.77,0.82,4.4,0.6,21.3,0.0639,0.00887
81,24,37,18,0.48,0.79,0.77,4.6,0.61,21.3,0.0625,0.00833
82,29,37,18,0.46,0.8,0.81,4.9,0.64,21.3,0.0659,0.00543
83,30,38,18,0.49,0.83,0.84,5,0.63,21.3,0.071,0.00751
84,37,39,18,0.47,0.85,0.89,5.3,0.64,21.2,0.0678,0.0111
85,43,40,18,0.46,0.83,0.95,5.3,0.63,21.2,0.0671,0.0106
86,45,40,18,0.5,0.83,0.9,5.3,0.64,21.2,0.0759,0.00968
87,46,41,18,0.46,0.85,0.87,5.3,0.63,21.2,0.0762,0.0112
88,51,42,19,0.43,0.89,0.88,5.4,0.61,21.2,0.0763,0.0116
89,53,42,19,0.45,0.91,0.88,5.2,0.64,21.2,0.079,0.00885
90,46,43,19,0.5,0.9,0.86,4.9,0.65,21.2,0.0851,0.00947
91,45,44,19,0.48,0.89,0.82,4.8,0.62,21.2,0.08,0.00589
92,55,44,19,0.47,0.91,0.85,4.9,0.63,21.2,0.0884,0.00626
93,58,45,19,0.49,0.94,0.82,4.7,0.64,21.2,0.0825,0.0089
94,58,46,19,0.45,0.92,0.78,4.6,0.61,21.2,0.0957,0.0101
95,65,47,19,0.46,0.92,0.82,4.7,0.63,21.2,0.0903,0.0069
96,64,48,19,0.49,0.95,0.85,4.9,0.65,21.2,0.0903,0.0127
97,63,49,19,0.46,0.97,0.88,5.1,0.66,21.2,0.0905,0.0103
98,68,50,19,0.46,0.96,0.75,5.1,0.65,21.2,0.0943,0.00678
99,75,50,19,0.49,1,0.72,5.2,0.67,21.2,0.0924,0.0108
100,74,51,19,0.47,1,0.9,5.5,0.69,21.2,0.097,0.0104
101,83,53,19,0.47,1,0.97,5.8,0.69,21.2,0.0919,0.00918
102,75,54,19,0.5,1.1,0.97,5.8,0.7,21.2,0.0975,0.0138
103,79,55,19,0.49,1.1,0.96,5.4,0.7,21.2,0.0955,0.00981
104,84,56,19,0.47,1,0.87,5.2,0.7,21.2,0.0999,0.0121
105,83,57,19,0.47,1,0.78,5,0.69,21.2,0.105,0.00888
106,90,58,19,0.48,1,0.88,4.8,0.66,21.2,0.103,0.00868
107,88,59,19,0.47,1,0.97,4.8,0.66,21.2,0.103,0.00745
108,93,60,19,0.46,1.1,1.1,5,0.68,21.2,0.106,0.0101
109,96,60,19,0.47,1,1,5.1,0.69,21.2,0.11,0.0102
110,100,61,19,0.5,1,0.84,5.2,0.7,21.2,0.115,0.0105
111,107,63,19,0.5,1.1,0.86,5.4,0.71,21.2,0.111,0.00767
112,101,63,19,0.47,1.1,0.9,5.6,0.71,21.2,0.114,0.00977
113,104,64,19,0.48,1.1,0.85,6,0.72,21.2,0.109,0.00821
114,102,66,19,0.49,1.2,0.9,6.2,0.74,21.2,0.106,0.007
115,105,66,19,0.49,1.2,0.95,6.3,0.76,21.2,0.114,0.012
116,107,68,19,0.49,1.2,0.98,6.7,0.74,21.2,0.116,0.0146
117,105,69,19,0.48,1.2,1,7,0.77,21.2,0.11,0.0106
118,105,70,19,0.49,1.2,0.95,6.8,0.8,21.2,0.107,0.00705
119,106,71,19,0.5,1.2,0.79,6.4,0.76,21.2,0.115,0.0124
120,112,72,19,0.48,1.2,0.82,6.1,0.73,21.2,0.107,0.00974
121,104,73,19,0.49,1.2,1,6,0.75,21.2,0.112,0.011
122,106,74,19,0.48,1.2,1,6.1,0.78,21.2,0.112,0.00837
123,113,75,19,0.47,1.1,0.96,6.4,0.76,21.2,0.109,0.011
124,121,76,19,0.49,1.2,0.99,6.9,0.75,21.2,0.113,0.0092
125,124,77,19,0.52,1.2,0.96,7,0.8,21.2,0.108,0.00392
126,119,78,20,0.51,1.2,0.88,6.7,0.8,21.2,0.112,0.00909
127,122,80,20,0.49,1.2,0.85,6.6,0.75,21.2,0.117,0.0106
128,116,81,20,0.49,1.2,0.92,6.6,0.77,21.2,0.109,0.00814
129,121,82,20,0.49,1.2,0.99,6.6,0.79,21.2,0.111,0.0114
130,121,83,20,0.48,1.2,0.97,6.7,0.78,21.2,0.108,0.00487
131,121,83,20,0.5,1.2,1.1,6.5,0.78,21.2,0.108,0.0105
132,135,84,20,0.52,1.3,1.2,6.5,0.79,21.2,0.114,0.0102
133,124,85,20,0.51,1.3,0.98,6.7,0.78,21.2,0.106,0.0109
134,124,86,20,0.49,1.2,0.81,6.7,0.79,21.2,0.116,0.0101
135,129,86,20,0.49,1.2,0.76,6.7,0.8,21.2,0.11,0.00604
136,123,87,20,0.49,1.2,0.76,6.8,0.83,21.2,0.105,0.00842
137,127,88,20,0.49,1.2,0.8,6.9,0.82,21.2,0.111,0.0106
138,129,89,20,0.5,1.2,0.78,7,0.81,21.2,0.108,0.00903
139,125,90,20,0.51,1.2,0.74,7,0.84,21.2,0.11,0.00667
140,131,91,20,0.51,1.3,0.93,7,0.84,21.2,0.11,0.00451
141,131,92,20,0.47,1.3,1.1,7,0.81,21.2,0.111,0.00595
142,130,92,20,0.47,1.2,1,7.2,0.82,21.2,0.111,0.006
143,136,93,20,0.5,1.3,1,7.7,0.83,21.2,0.113,0.00506
144,142,94,20,0.51,1.3,0.99,8.1,0.84,21.2,0.111,0.00797
145,146,95,20,0.51,1.3,1.1,8.5,0.85,21.2,0.112,0.00728
146,149,97,20,0.51,1.3,1.5,8.6,0.87,21.2,0.109,0.00917
147,147,98,20,0.52,1.4,1.5,8.9,0.94,21.2,0.113,0.00896
148,142,99,20,0.51,1.4,1.4,9.3,0.94,21.2,0.102,0.00537
149,149,100,20,0.52,1.4,1.4,9.5,0.89,21.2,0.114,0.00597
150,157,101,20,0.54,1.4,1.3,9.5,0.92,21.2,0.11,0.00815
151,155,103,20,0.53,1.4,1.2,9.4,0.94,21.2,0.11,0.00825
152,172,104,20,0.51,1.4,1.2,9.3,0.95,21.2,0.106,0.0104
153,168,104,20,0.5,1.5,1.3,9.5,0.95,21.2,0.108,0.0124
154,172,105,20,0.53,1.5,1.3,10,0.97,21.2,0.105,0.00941
155,173,106,20,0.54,1.5,1.3,11,1,21.2,0.101,0.00952
156,182,107,20,0.54,1.6,1.2,11,1.1,21.2,0.106,0.00677
157,175,109,20,0.56,1.7,1.1,11,1,21.2,0.101,0.00709
158,179,110,20,0.54,1.6,1,11,1,21.2,0.1,0.00944
159,181,111,21,0.52,1.7,1.2,11,1,21.2,0.0959,0.00452
160,184,113,21,0.53,1.7,1.4,11,1.1,21.2,0.0958,0.00799
161,185,114,21,0.54,1.7,1.6,11,1.1,21.2,0.0941,0.0101
162,191,115,21,0.55,1.7,1.7,11,1.1,21.2,0.0917,0.0021
163,194,117,21,0.55,1.7,1.7,12,1.2,21.2,0.0986,0.00584
164,210,118,21,0.54,1.8,1.9,13,1.2,21.2,0.0944,0.00863
165,215,120,21,0.55,1.9,2.2,14,1.3,21.2,0.0935,0.00743
166,224,122,21,0.56,1.9,2.1,13,1.3,21.2,0.0969,0.0103
167,228,124,21,0.58,1.9,1.9,13,1.3,21.2,0.0897,0.0137
168,233,126,21,0.58,1.9,2,13,1.4,21.2,0.0918,0.0107
169,241,128,21,0.58,1.9,1.8,12,1.3,21.2,0.0906,0.0113
170,255,130,21,0.58,1.9,1.6,12,1.3,21.2,0.0925,0.00869
171,251,133,21,0.59,1.9,1.7,13,1.3,21.2,0.0922,0.00733
172,262,135,21,0.55,1.9,2,13,1.3,21.2,0.0937,0.00954
173,263,136,21,0.6,1.9,2.1,14,1.4,21.2,0.0872,0.0115
174,269,138,21,0.61,1.9,1.7,15,1.4,21.2,0.0867,0.00362
175,264,139,21,0.56,1.9,1.6,15,1.4,21.2,0.087,0.00997
176,267,140,21,0.59,1.9,2,15,1.4,21.2,0.0923,0.00203
177,258,142,22,0.58,1.9,2.2,15,1.4,21.2,0.0904,0.0117
178,259,144,22,0.57,2,2,16,1.5,21.2,0.0941,0.00691
179,277,146,22,0.58,2,1.9,16,1.5,21.2,0.089,0.0117
180,263,148,22,0.6,2,2.2,17,1.5,21.2,0.0938,0.00555
181,263,151,22,0.61,2,2.1,16,1.4,21.2,0.0854,0.015
182,262,153,22,0.6,1.9,1.6,15,1.4,21.2,0.0903,0.00791
183,266,154,22,0.58,1.9,1.3,15,1.4,21.2,0.0928,0.00774
184,267,156,22,0.55,1.9,1.2,15,1.4,21.2,0.0917,0.00974
185,277,157,22,0.56,1.9,1.4,15,1.4,21.2,0.0845,0.00837
186,276,159,22,0.61,1.9,1.5,15,1.4,21.2,0.095,0.00765
187,279,161,22,0.63,2,1.6,15,1.4,21.2,0.105,0.00446
188,284,163,22,0.57,2,1.8,16,1.5,21.2,0.0972,0.0121
189,283,164,22,0.58,2,1.8,16,1.5,21.2,0.0985,0.0103
190,277,166,22,0.61,2.1,1.8,16,1.5,21.2,0.0923,0.00755
191,295,168,22,0.6,2.1,1.8,17,1.6,21.2,0.102,0.00926
192,286,170,22,0.63,2.1,1.8,18,1.6,21.2,0.108,0.00751
193,295,171,22,0.64,2.1,2,18,1.7,21.2,0.103,0.00862
194,300,172,22,0.63,2.2,2.2,19,1.8,21.2,0.102,0.00684
195,301,174,23,0.62,2.3,2.4,19,1.8,21.2,0.103,0.00924
196,315,175,23,0.62,2.4,2.7,20,1.8,21.2,0.101,0.0147
197,313,177,23,0.62,2.4,2.8,19,1.8,21.2,0.108,0.0107
198,317,178,23,0.65,2.4,2.4,19,1.8,21.2,0.104,0.00956
199,314,181,23,0.64,2.4,2.1,19,1.7,21.2,0.101,0.0119
200,320,183,23,0.64,2.4,2,19,1.7,21.2,0.099,0.00931
201,318,185,23,0.65,2.3,1.8,19,1.7,21.2,0.099,0.00836
202,315,186,23,0.63,2.4,1.6,21,1.7,21.2,0.101,0.00369
203,317,188,23,0.64,2.4,1.7,23,1.8,21.2,0.105,0.0107
204,323,190,23,0.65,2.4,2,24,1.8,21.2,0.101,0.011
205,325,192,23,0.68,2.5,2.1,24,1.8,21.2,0.106,0.0132
206,317,193,23,0.68,2.5,2.1,23,1.8,21.2,0.102,0.00564
207,322,195,23,0.64,2.5,2.2,24,1.9,21.2,0.107,0.00944
208,339,197,23,0.65,2.5,2.4,26,1.9,21.2,0.102,0.0121
209,345,199,23,0.64,2.5,2.4,30,1.9,21.2,0.0963,0.0109
210,352,200,24,0.62,2.5,2.1,33,2,21.2,0.098,0.00987
211,350,201,24,0.64,2.5,2.2,33,2,21.2,0.104,0.01
212,349,203,24,0.67,2.6,2.7,33,2.1,21.2,0.104,0.0105
213,348,203,24,0.67,2.6,2.7,30,2.1,21.2,0.105,0.00686
214,349,204,24,0.66,2.5,2.5,30,1.9,21.2,0.101,0.0082
215,337,204,24,0.66,2.5,2.4,32,1.9,21.2,0.104,0.00823
216,339,204,24,0.66,2.6,2.5,31,2,21.2,0.102,0.00989
217,344,205,24,0.67,2.7,2.6,28,2,21.2,0.108,0.00647
218,337,206,24,0.66,2.6,2.4,26,1.9,21.2,0.105,0.00951
219,354,206,24,0.66,2.6,2.1,26,1.9,21.2,0.107,0.00573
220,347,207,24,0.65,2.6,2.2,27,1.9,21.2,0.0996,0.0078
221,340,208,24,0.62,2.5,2.2,27,1.9,21.2,0.105,0.0058
222,342,208,24,0.62,2.4,2,25,1.8,21.2,0.103,0.00803
223,328,208,24,0.66,2.5,2,25,1.9,21.2,0.102,0.0101
224,331,210,24,0.67,2.6,2.2,26,1.9,21.2,0.106,0.0122
225,324,211,25,0.65,2.6,2.2,26,1.9,21.2,0.107,0.00563
226,321,212,25,0.65,2.5,2.2,26,1.9,21.2,0.107,0.00846
227,320,213,25,0.68,2.4,2,26,1.9,21.2,0.103,0.011
228,315,213,25,0.7,2.5,2,27,1.9,21.2,0.105,0.00513
229,324,213,25,0.64,2.5,1.9,25,1.7,21.2,0.103,0.0131
230,314,214,25,0.63,2.5,1.7,22,1.7,21.2,0.105,0.00705
231,318,214,25,0.67,2.6,1.7,23,1.8,21.2,0.12,0.00987
232,323,214,25,0.65,2.6,1.8,25,1.8,21.2,0.111,0.00766
233,326,215,25,0.66,2.6,2,29,1.8,21.2,0.114,0.00694
234,323,215,25,0.69,2.6,2.1,37,1.9,21.2,0.112,0.00677
235,327,215,25,0.69,2.6,1.9,35,1.9,21.2,0.109,0.0112
236,322,215,25,0.67,2.7,2,29,2,21.2,0.121,0.00857
237,319,215,25,0.66,2.7,2.1,27,2,21.2,0.127,0.00974
238,324,215,25,0.68,2.6,2,29,2,21.2,0.126,0.00892
239,325,215,25,0.69,2.6,2,34,2,21.2,0.122,0.0105
240,327,216,25,0.67,2.7,2.3,34,2,21.2,0.13,0.0101
241,326,216,25,0.66,2.7,2.5,30,2.1,21.2,0.117,0.0129
242,337,216,25,0.63,2.7,2.8,32,2.1,21.2,0.126,0.00994
243,346,216,26,0.68,2.8,2.8,39,2.1,21.2,0.127,0.0106
244,354,217,26,0.71,2.9,2.7,40,2.1,21.2,0.123,0.00782
245,358,218,26,0.68,2.8,2.8,34,2.1,21.2,0.12,0.00694
246,366,219,26,0.68,2.8,2.5,33,2.1,21.2,0.128,0.0075
247,369,219,26,0.68,2.7,2.1,37,2,21.2,0.134,0.00796
248,364,219,26,0.65,2.7,2.1,37,2,21.2,0.129,0.0109
249,367,220,26,0.65,2.7,2.2,33,2.1,21.2,0.137,0.0121
250,362,220,26,0.7,2.7,2.2,35,2.1,21.2,0.134,0.00789
251,364,220,26,0.69,2.7,2,39,2.1,21.2,0.134,0.00764
252,356,221,26,0.7,2.7,2,36,2.1,21.1,0.142,0.00813
253,350,223,26,0.72,2.7,2.1,32,2,21.1,0.138,0.00939
254,351,224,26,0.7,2.6,2.2,31,1.9,21.1,0.14,0.0111
255,352,225,26,0.7,2.5,2.3,35,1.9,21.1,0.142,0.0131
256,344,226,26,0.7,2.5,2.4,37,1.9,21.1,0.152,0.0126
257,337,226,26,0.71,2.6,2.6,39,1.9,21.1,0.151,0.00638
258,335,225,26,0.7,2.7,2.7,42,2,21.1,0.146,0.00563
259,333,225,26,0.67,2.6,2.5,41,1.9,21.1,0.15,0.0166
260,330,225,26,0.66,2.6,2.6,47,1.8,21.1,0.153,0.00981
261,341,225,26,0.67,2.6,2.5,48,1.9,21.1,0.155,0.00888
262,340,225,26,0.68,2.6,2.4,42,1.9,21.1,0.148,0.0102
263,344,226,27,0.67,2.7,2.4,45,1.9,21.1,0.14,0.00751
264,341,226,27,0.7,2.7,2.2,49,1.9,21.1,0.148,0.00891
265,343,226,27,0.71,2.7,2.1,49,1.8,21.1,0.14,0.0126
266,341,226,27,0.68,2.7,2,48,1.8,21.1,0.145,0.00697
267,340,226,27,0.67,2.7,2.1,54,1.9,21.1,0.145,0.0148
268,337,227,27,0.7,2.8,2.3,60,2,21.1,0.147,0.0112
269,335,227,27,0.73,2.7,2.3,63,2,21.1,0.153,0.0143
270,333,227,27,0.71,2.6,2.3,58,1.9,21.1,0.154,0.00852
271,340,227,27,0.71,2.6,2.1,55,2,21.1,0.15,0.00997
272,339,227,27,0.72,2.7,2,56,2,21.1,0.159,0.00919
273,340,227,27,0.7,2.8,2.1,53,2,21.1,0.15,0.0142
274,343,227,27,0.68,2.9,2,55,2.2,21.1,0.151,0.00667
275,342,228,27,0.72,2.9,1.9,61,2.3,21.1,0.158,0.0107
276,363,228,27,0.71,3,2.4,67,2.3,21.1,0.156,0.0134
277,360,229,27,0.71,3,2.6,69,2.3,21.1,0.154,0.0126
278,362,230,27,0.76,3.1,2.6,74,2.3,21.1,0.154,0.00987
279,371,231,27,0.73,3.1,3,75,2.4,21.1,0.159,0.0116
280,381,232,27,0.7,3.2,3.2,76,2.4,21.1,0.158,0.011
281,397,233,27,0.71,3.1,3,77,2.5,21.1,0.173,0.0146
282,405,234,27,0.73,3.1,2.9,79,2.5,21.1,0.172,0.0111
283,403,235,27,0.75,3.1,3.1,80,2.4,21.1,0.176,0.0109
284,406,237,27,0.78,3.2,3.1,77,2.5,21.1,0.173,0.00919
285,407,238,28,0.8,3.4,3,76,2.6,21.1,0.175,0.011
286,415,239,28,0.79,3.2,2.9,77,2.5,21.1,0.179,0.0152
287,424,240,28,0.77,3.2,2.9,80,2.5,21.1,0.175,0.0129
288,434,242,28,0.77,3.3,3,86,2.6,21.1,0.174,0.0162
289,446,244,28,0.76,3.3,3,88,2.7,21.1,0.177,0.01
290,448,246,28,0.75,3.3,3,86,2.8,21.1,0.183,0.0122
291,459,248,28,0.78,3.4,3.1,83,3,21.1,0.174,0.013
292,474,251,28,0.83,3.6,3.6,79,3.2,21.1,0.181,0.0121
293,474,253,28,0.84,3.6,4.1,80,3.1,21.1,0.189,0.0155
294,469,255,28,0.82,3.6,4.1,82,3,21.1,0.185,0.0149
295,468,257,28,0.85,3.5,4,79,3,21.1,0.19,0.0123
296,471,259,28,0.86,3.5,3.9,75,3,21.1,0.187,0.0138
297,479,262,28,0.82,3.5,4.2,71,3,21.1,0.191,0.0172
298,480,263,29,0.82,3.5,4.5,69,3.1,21.1,0.194,0.00939
299,490,265,29,0.84,3.5,4.8,66,3.3,21.1,0.188,0.0136
300,505,266,29,0.87,3.7,5.4,69,3.6,21.1,0.196,0.0116
301,514,268,29,0.87,3.8,5.3,75,3.7,21.1,0.189,0.0126
302,528,269,29,0.84,3.8,5,73,3.6,21.1,0.197,0.0106
303,540,272,29,0.89,3.9,5.4,69,3.8,21.1,0.188,0.00991
304,551,275,29,0.93,4,6.3,64,4.1,21.1,0.192,0.0118
305,566,279,29,0.97,4,7.2,60,4.5,21.1,0.19,0.0128
306,584,282,29,1,4.1,8.4,56,4.8,21.1,0.193,0.0127
307,602,284,29,1,4.4,9.8,54,5,21.1,0.188,0.0096
308,614,286,30,1.1,4.6,10,51,5,21.1,0.196,0.0153
309,623,292,30,1.1,4.4,9.7,50,4.8,21.1,0.19,0.0103
310,633,295,30,1,4.1,8.9,52,4.5,21.1,0.194,0.0109
311,645,297,30,1,4.1,7.9,59,4.4,21.1,0.19,0.0171
312,632,299,30,1,4.2,7.5,63,4.6,21.1,0.193,0.0107
313,628,300,31,0.99,4.2,7,60,4.7,21.1,0.197,0.0105
314,613,301,31,0.99,4.2,6.4,57,4.6,21.1,0.187,0.0121
315,610,301,31,0.98,4.2,5.7,51,4.5,21.1,0.193,0.0106
316,593,302,31,0.96,4.5,5.3,51,4.7,21.1,0.181,0.0169
317,592,302,31,0.96,4.5,5,57,4.9,21.1,0.185,0.0113
318,574,302,31,0.96,4.4,4.9,57,4.9,21.1,0.185,0.0113
319,574,303,32,0.94,4.4,5.6,51,5,21.1,0.177,0.0132
320,568,303,32,0.97,4.3,6.1,46,4.8,21.1,0.182,0.0115
321,567,303,32,0.97,4.2,5.9,44,4.7,21.1,0.178,0.0136
322,565,303,32,0.93,4.2,5.3,42,4.6,21.1,0.175,0.0112
323,549,303,32,0.91,4.2,5.2,43,4.5,21.1,0.179,0.0146
324,541,303,32,0.92,4.1,4.8,41,4.5,21.1,0.176,0.0122
325,537,303,32,0.94,4.2,4.4,42,4.4,21.1,0.174,0.013
326,532,302,32,0.92,4.3,4.9,43,4.5,21.1,0.174,0.0144
327,546,302,32,0.91,4.3,5.2,38,4.6,21.1,0.179,0.0101
328,538,302,33,0.94,4.2,5.4,35,4.8,21.1,0.184,0.0131
329,554,301,33,0.97,4.2,6.1,35,5,21.1,0.177,0.0147
330,559,300,33,0.96,4.2,6.5,37,5,21.1,0.179,0.0118
331,557,299,33,0.94,4.2,6.5,35,5.1,21.1,0.169,0.0111
332,557,299,33,0.95,4.2,6.9,34,5.2,21.1,0.194,0.0144
333,559,299,33,0.95,4.3,6.8,33,5.1,21.1,0.188,0.0107
334,567,299,33,0.97,4.3,5.8,36,4.9,21.1,0.191,0.00781
335,564,299,33,0.98,4.3,5.7,38,4.9,21.1,0.185,0.0122
336,560,298,33,0.98,4.3,5.5,40,4.9,21.1,0.184,0.0108
337,560,298,33,0.97,4.3,5.4,43,5.1,21.1,0.193,0.0126
338,564,298,34,0.98,4.3,5.9,42,5.1,21.1,0.179,0.0127
339,567,298,34,0.98,4.4,6.1,43,5.2,21.1,0.183,0.00685
340,576,299,34,0.98,4.6,6.5,43,5.5,21.1,0.177,0.0129
341,579,300,34,1,4.8,6.5,43,5.7,21.1,0.188,0.012
342,593,300,34,1,4.9,5.8,42,5.8,21.1,0.176,0.0126
343,603,301,34,1,5,6,40,6,21.1,0.189,0.0175
344,606,302,34,1,4.9,6.4,39,5.9,21.1,0.185,0.0134
345,611,303,34,0.98,4.7,6.4,37,5.6,21.1,0.185,0.0111
346,613,303,34,0.97,4.8,6.1,37,5.5,21.1,0.183,0.00635
347,609,304,34,1,4.8,5.9,36,5.6,21.1,0.183,0.0135
348,617,304,35,1.1,4.8,6.1,36,5.6,21.1,0.179,0.00761
349,620,304,35,1,4.5,5.9,39,5.5,21.1,0.192,0.0106
350,618,304,35,1,4.6,5.5,42,5.9,21.1,0.192,0.00844
351,602,303,35,1,4.9,5.4,43,6.6,21.1,0.199,0.00958
352,595,303,35,1,5,5.7,44,7.2,21.1,0.208,0.016
353,602,302,35,1.1,5.1,6.7,49,7.7,21.1,0.211,0.0155
354,613,301,36,1.1,5.5,7.6,54,8.1,21,0.215,0.0105
355,633,302,36,1.1,5.7,9,55,8.2,21,0.228,0.0133
356,655,303,36,1.2,5.8,11,57,9,21,0.227,0.0137
357,698,304,36,1.2,6.1,12,60,9.9,21,0.23,0.0156
358,719,306,36,1.3,6.4,15,57,11,21,0.244,0.0122
359,773,309,37,1.4,7,21,60,12,21,0.246,0.00953
360,835,311,37,1.6,7.7,30,69,14,21,0.261,0.00796
361,922,313,38,1.8,8.6,38,77,16,21,0.254,0.0116
362,1015,315,39,2,9.6,41,82,17,21,0.267,0.0141
363,1124,318,40,2.4,11,43,82,19,21,0.272,0.0122
364,1231,323,41,2.9,13,48,83,23,21,0.278,0.0102
365,1329,331,43,3.3,15,50,83,23,21,0.283,0.013
366,1411,338,44,3.6,15,48,83,22,21,0.302,0.0137
367,1484,346,46,3.8,15,46,86,21,20.9,0.307,0.0165
368,1543,354,48,3.8,15,45,88,21,20.9,0.315,0.017
369,1575,361,49,3.8,14,43,83,21,20.9,0.339,0.0217
370,1605,366,50,3.6,14,41,84,22,20.9,0.353,0.0163
371,1622,372,52,3.4,14,41,89,28,20.8,0.368,0.0162
372,1623,378,53,3.4,14,43,87,39,20.8,0.386,0.0171
373,1625,388,54,3.3,14,41,85,48,20.8,0.4,0.0201
374,1656,403,55,3.3,14,37,85,62,20.8,0.416,0.0184
375,1716,419,56,3.5,15,35,87,77,20.8,0.436,0.0226
376,1814,435,57,3.8,16,39,90,85,20.8,0.439,0.0183
377,1935,453,58,4.2,18,46,91,92,20.7,0.448,0.018
378,2148,475,60,4.8,20,53,91,95,20.7,0.453,0.023
379,2427,498,62,5.5,23,60,93,100,20.7,0.46,0.0201
380,2740,520,65,6.2,26,68,95,110,20.7,0.458,0.0144
381,3059,539,67,6.4,26,70,96,110,20.7,0.467,0.0221
382,3287,552,70,6.1,25,65,99,110,20.7,0.471,0.0242
383,3426,567,72,6.1,25,62,100,100,20.7,0.494,0.0224
384,3484,580,74,6.1,23,62,100,95,20.7,0.514,0.0209
385,3522,590,76,6,22,60,97,94,20.6,0.535,0.0235
386,3598,601,79,6.1,22,62,97,91,20.6,0.56,0.0184
387,3680,613,81,6.4,22,67,96,84,20.6,0.595,0.0225
388,3784,627,83,6.9,23,68,100,99,20.5,0.626,0.0214
389,3926,643,86,7.6,24,68,110,110,20.5,0.673,0.0281
390,4228,655,89,8.2,25,69,100,110,20.4,0.716,0.03
391,4607,672,93,9.4,28,71,97,130,20.4,0.763,0.0303
392,5050,693,96,11,31,73,110,140,20.3,0.826,0.0327
393,5436,713,100,12,34,75,110,140,20.2,0.897,0.028
394,5793,735,104,13,38,75,110,150,20.1,0.984,0.0328
395,6111,751,109,15,44,74,110,160,20,1.08,0.0357
396,6376,762,114,17,57,80,120,170,19.9,1.18,0.0343
397,6608,772,120,18,69,84,100,150,19.8,1.27,0.0403
398,6821,784,125,19,71,81,110,140,19.7,1.38,0.0415
399,7005,801,131,20,72,81,100,150,19.6,1.49,0.0413
400,7120,818,137,21,73,83,89,150,19.5,1.6,0.0466
401,7198,831,143,21,75,80,76,130,19.3,1.72,0.0517
402,7237,843,149,21,76,82,56,120,19.2,1.83,0.0564
403,7221,853,154,21,76,86,48,120,19.1,1.95,0.0497
404,7160,863,159,21,80,87,44,120,18.9,2.08,0.0538
405,7069,873,164,20,82,92,45,120,18.8,2.2,0.0566
406,6886,879,168,19,78,94,48,110,18.7,2.32,0.0531
407,6724,885,173,19,70,91,52,120,18.5,2.44,0.0608
408,6517,892,177,18,59,86,51,120,18.4,2.54,0.0546
409,6349,896,180,18,52,80,47,110,18.3,2.66,0.0613
410,6229,899,183,18,48,81,46,110,18.2,2.77,0.0583
411,6136,907,187,20,46,79,49,120,18,2.88,0.0624
412,6120,919,192,24,48,77,49,120,17.9,3,0.0607
413,6131,930,198,30,54,83,50,78,17.8,3.1,0.0561
414,6161,940,206,36,62,86,54,28,17.7,3.22,0.0627
415,6285,953,218,41,76,88,56,-7.9,17.6,3.34,0.0676
416,6464,967,236,48,96,89,55,-11,17.4,3.45,0.0684
417,6755,982,261,55,100,82,53,-4.5,17.3,3.56,0.0714
418,7023,998,285,56,110,74,51,2.9,17.2,3.67,0.0683
419,7294,1014,310,56,120,71,48,5.3,17,3.8,0.0746
420,7610,1028,341,64,130,74,49,-6.2,16.9,3.92,0.0745
421,7924,1041,382,74,140,76,52,-5.8,16.8,4.03,0.082
422,8216,1052,424,79,130,73,49,10,16.6,4.14,0.0803
423,8580,1065,464,82,140,69,46,26,16.5,4.25,0.082
424,8929,1078,498,77,120,64,46,41,16.4,4.39,0.0853
425,9171,1090,521,64,100,64,47,42,16.2,4.52,0.0846
426,9376,1097,544,65,110,68,46,40,16,4.67,0.0896
427,9528,1105,574,83,150,72,48,39,15.8,4.84,0.0919
428,9623,1113,610,100,170,70,58,39,15.6,5.03,0.0963
429,9639,1125,649,100,170,69,67,50,15.3,5.24,0.105
430,9593,1132,679,98,130,70,71,76,15,5.48,0.11
431,9461,1137,702,94,110,73,68,110,14.7,5.72,0.125
432,9283,1141,719,89,96,75,70,110,14.4,5.98,0.125
433,9117,1148,736,88,94,75,75,110,14.1,6.22,0.131
434,8934,1152,753,87,97,74,51,54,13.8,6.48,0.147
435,8798,1153,765,81,98,79,49,22,13.5,6.73,0.154
436,8630,1148,777,81,94,82,85,51,13.2,6.99,0.168
437,8388,1144,784,77,90,85,93,57,12.9,7.23,0.174
438,8139,1142,794,76,91,95,89,74,12.6,7.46,0.189
439,7864,1140,802,76,94,100,83,88,12.3,7.68,0.214
440,7617,1139,802,68,94,110,73,86,12.1,7.88,0.22
441,7412,1138,796,59,91,100,60,99,11.9,8.05,0.232
442,7238,1134,787,51,89,100,54,100,11.7,8.18,0.233
443,7099,1127,776,45,89,96,63,100,11.5,8.32,0.24
444,6974,1124,762,42,88,88,89,110,11.4,8.43,0.236
445,6852,1120,745,41,89,87,120,99,11.2,8.55,0.232
446,6803,1116,730,42,93,91,120,67,11.1,8.65,0.233
447,6788,1113,719,45,95,94,120,72,11,8.74,0.235
448,6769,1109,713,49,97,94,150,100,10.9,8.82,0.234
449,6761,1104,709,52,97,95,170,120,10.8,8.9,0.235
450,6809,1103,709,56,97,94,150,130,10.7,8.97,0.232
451,6833,1107,708,58,98,96,110,100,10.6,9.02,0.234
452,6801,1110,706,57,99,99,91,73,10.6,9.06,0.226
453,6747,1115,703,58,99,100,88,75,10.6,9.09,0.221
454,6706,1118,703,60,100,98,95,74,10.5,9.11,0.22
455,6712,1121,703,60,110,96,86,72,10.5,9.13,0.214
456,6711,1126,699,57,110,99,110,67,10.4,9.17,0.198
457,6690,1129,695,57,100,100,150,73,10.4,9.21,0.191
458,6701,1127,692,57,100,110,130,85,10.4,9.25,0.196
459,6758,1124,690,57,100,100,94,88,10.4,9.26,0.187
460,6827,1119,687,56,100,100,97,86,10.4,9.26,0.178
461,6886,1111,684,53,99,100,130,86,10.4,9.27,0.175
462,6902,1106,681,52,97,110,140,90,10.4,9.26,0.172
463,6884,1100,678,53,98,110,100,120,10.4,9.27,0.167
464,6839,1095,675,53,99,110,76,160,10.4,9.28,0.156
465,6780,1090,674,54,100,110,65,150,10.3,9.31,0.157
466,6746,1087,673,57,110,110,67,140,10.3,9.34,0.15
467,6766,1088,673,59,110,120,88,130,10.3,9.37,0.149
468,6845,1092,672,61,110,120,97,76,10.2,9.4,0.142
469,6944,1095,671,61,110,120,100,51,10.2,9.43,0.14
470,7043,1100,670,62,110,120,110,70,10.2,9.47,0.135
471,7065,1106,672,64,120,120,110,85,10.1,9.49,0.137
472,6993,1109,674,64,120,120,95,83,10.1,9.51,0.132
473,6905,1108,673,61,110,120,85,79,10.1,9.52,0.124
474,6810,1103,671,59,110,120,97,77,10.1,9.54,0.121
475,6733,1099,670,57,110,130,91,92,10.1,9.55,0.121
476,6682,1096,667,57,110,130,96,100,10,9.56,0.116
477,6642,1096,664,57,110,120,110,99,10,9.58,0.111
478,6638,1096,663,58,110,120,100,110,10,9.59,0.107
